ID,label
14_23-47-01.png,0
14_23-47-02.png,0
14_23-47-04.png,0
14_23-47-06.png,0
14_23-47-09.png,0
14_23-48-56.png,0
14_23-48-57.png,0
14_23-49-00.png,0
14_23-49-01.png,0
14_23-49-05.png,0
14_23-50-41.png,0
14_23-50-44.png,0
14_23-50-52.png,0
14_23-50-54.png,0
14_23-51-31.png,0
14_23-51-33.png,0
14_23-51-38.png,0
14_23-51-39.png,0
14_23-51-41.png,0
14_23-51-42.png,0
14_23-52-13.png,0
14_23-52-15.png,0
14_23-52-34.png,0
14_23-52-36.png,0
14_23-52-38.png,0
14_23-55-01.png,0
14_23-55-04.png,0
14_23-55-07.png,0
14_23-55-10.png,0
14_23-55-12.png,0
14_23-56-11.png,0
14_23-56-15.png,0
14_23-56-19.png,0
14_23-56-28.png,0
14_23-57-48.png,0
14_23-57-50.png,0
14_23-57-52.png,0
14_23-57-58.png,0
14_23-58-00.png,0
14_23-58-04.png,0
04716ed9-4ce3-488a-ae00-43df139ca3b5.jpg,1
079688a2-caa5-4463-833f-04db07e7c586.jpg,1
0921b10f-96be-47bf-a782-6709db72eb01.jpg,1
0b952aa7-cbbd-44a2-9d0b-c31a46776aac.jpg,1
0da47e4e-d994-44b5-86aa-0fd8ba92c62e.jpg,1
0dbc215d-90f1-427e-8786-244a1d1e8956.jpg,1
0ecf5900-d4ae-4b7e-8389-8a44f707e866.jpg,1
0f498083-9ed1-47a5-bf10-8c83f6362c1e.jpg,1
0f8c43a2-2b4e-4b52-84c5-ec3d962c7e27.jpg,1
108e5950-a265-4df3-9f58-5867fe75a8c5.jpg,1
11f63747-8cd0-4a61-a52b-a0abba6448a8.jpg,1
146604b0-4121-4da1-b4ac-2fd797a0fea2.jpg,1
1488ce3b-b24d-4a7b-8f01-0a44da001945.jpg,1
14eee25a-f254-469f-87d4-4861730c7f7e.jpg,1
15464c50-8c7d-4d6a-873e-c879466f2523.jpg,1
1674b444-e835-47a7-a106-fda03ea2578b.jpg,1
17059b4e-3611-463b-8d36-ac63bed455d0.jpg,1
1aa6ae12-60fb-4ca3-8005-5daa8768c0d3.jpg,1
1b1ae5c5-c35c-43f5-bb1c-e92fc04b3cae.jpg,1
1bcd7f87-e87c-4540-a095-44b09960565f.jpg,1
1d08e05a-28de-4d61-8aee-47fec09f04c1.jpg,1
1e6ecca2-4c38-43a8-a325-6f8276e6452b.jpg,1
1eadb6b4-36c8-4041-813b-1724959790d9.jpg,1
21245c25-766b-4a0f-8cc6-025be754dc01.jpg,1
2390f05a-3dcd-4790-9e54-05dfbfa4155f.jpg,1
23abda28-528a-4ae3-8957-d0e929c5e63f.jpg,1
23c332d0-ca29-4179-9a4e-95d2c615aeb1.jpg,1
243f7dce-db56-4dd9-b330-5e43ce7b8e80.jpg,1
247aa060-0bed-4163-9f79-00f9e55e3d28.jpg,1
27720c61-9e02-43c3-9a4e-6fcf7b1aab3f.jpg,1
2831c8d2-4f67-43e6-80bf-b6d0bcfd4e24.jpg,1
28ebc1f9-b04b-4952-b78d-f93dcadf7d67.jpg,1
29973e0a-6d2d-4771-8300-d26e5fc502f8.jpg,1
2b37eeb2-2e14-4994-b223-d9f3cc1add60.jpg,1
2c6d4fc7-7264-4942-8284-49a4d8bae112.jpg,1
2ce20c27-d85d-4609-b510-5d2efd5e2675.jpg,1
304f4948-c4a1-4af8-bb05-1e186663acc1.jpg,1
30bf5f5c-fb00-4232-bd09-a758858bffbd.jpg,1
3189eb98-fe58-41a0-8d6a-a146e39d949a.jpg,1
32f8e684-da76-48e2-a766-efa053a098b2.jpg,1
343c68d0-bb55-4c06-bc31-58ba65d510b2.jpg,1
36bc0efb-776b-441c-a036-58f4bb2e9094.jpg,1
3866b431-b8cd-4d93-84c5-9353c978b974.jpg,1
38883ed0-4e5c-45a6-9085-d463c1eae916.jpg,1
3a8b7449-61cf-4b91-843d-b0f2b458aba7.jpg,1
3e469cac-a8af-4880-ba32-19ccb26e3f74.jpg,1
3ea37d59-8740-419e-96cc-414878d4f7d9.jpg,1
40a0a356-949a-4e78-b789-545169a5205b.jpg,1
47728e00-8c20-488e-85de-c7b258f9ce65.jpg,1
47cc2bec-a996-4df3-abb5-c77ae3e67e81.jpg,1
48d6d518-7979-4ffb-846e-a1c89b52bfaf.jpg,1
4c2ad255-33a5-4903-acf2-bf800f7c92cb.jpg,1
4d47cd5c-5a73-4db8-8395-0e78bb94b801.jpg,1
4dd52f02-7081-4341-9814-ff28c3a75735.jpg,1
4fd508ac-af98-4929-ba57-c66bc1696283.jpg,1
512f85ae-e6dc-41c6-abbb-860fda404dd9.jpg,1
53394d6e-23b9-4b84-b973-f3ba0483bf98.jpg,1
54364e48-c1ed-48f2-9c83-548fd671232b.jpg,1
54dc8c05-28d2-44bf-a2b7-2940239e1fe6.jpg,1
5580b355-0b47-4a31-b9fe-7d59e5e04a53.jpg,1
57134772-ba95-40ab-9595-07472c6c952a.jpg,1
5926d465-e0cb-49e2-93b8-85ec038fa517.jpg,1
5c8c794c-1ac1-4beb-aa2d-dbac7163e06c.jpg,1
5ff895b6-7859-42b7-86d1-a7ee0e7073a9.jpg,1
610eed07-2fc5-4a6e-9693-95e721a4fe2a.jpg,1
612fab41-3eee-4285-a02a-2ddb9ee4fa05.jpg,1
626ac1ab-c939-43e0-aa95-42b942fa156e.jpg,1
6528ad6c-9362-44b0-8370-74dda6644276.jpg,1
687d487c-3858-4d12-91b3-3bba6350f188.jpg,1
69cd4640-1a5d-4bbf-b5ca-f7cecb928231.jpg,1
6bc541a3-e004-43f0-916b-5b925049988b.jpg,1
6bd64fb1-f55b-4802-9464-8c57211dd654.jpg,1
6ca36f8a-013b-4441-b86e-4c3b823276fd.jpg,1
6ca37b62-b7d5-47f3-958a-8c3474f97f44.jpg,1
6cbf82dc-347b-4b06-8526-a1d8b4b184c2.jpg,1
6cd7a7a1-c9e3-4f2d-9de0-308fbbe06edd.jpg,1
6df30cd5-8144-43ee-9871-a1d21a6a4c4c.jpg,1
7203a48b-a605-4d1a-9690-636089af8a2f.jpg,1
72c867de-fa60-43a6-97c0-d495fe8fee38.jpg,1
7328c0c7-5942-4bf1-8794-15faa1994ea7.jpg,1
73d8da00-6017-4f77-8e7e-65bc9dd7d5db.jpg,1
74ee616f-7077-4834-bf9a-2adb3ccc0fa2.jpg,1
75718dfc-401d-425d-8815-6d8be191db2a.jpg,1
7657cc2d-2be8-45a7-88c0-6bb9412f83f6.jpg,1
76fbb94f-cfad-481d-9928-7ba5118f7b3c.jpg,1
7b7f5be4-b003-43a6-814a-bca86cdeb822.jpg,1
7ccd6ac4-2a7b-4710-a267-ab8fb7dbee68.jpg,1
7d7a9ff9-733c-4196-bd34-8394458431a1.jpg,1
7d8f6b83-c272-4c9e-9b8b-e8bb10c49520.jpg,1
7dd3240f-197f-4354-9947-50b140f65f3e.jpg,1
7de8c468-7dfb-4b32-be3c-a1ca3b78ff44.jpg,1
7ecf39fe-9e23-4e4d-8ec2-bbc6cf712414.jpg,1
7fc47942-8ec4-40a6-915d-d5ce8b31f36f.jpg,1
814842e4-0369-46a3-895a-917f7904f31c.jpg,1
824af3bc-da42-4bb7-a64e-21afa0a1f299.jpg,1
83663117-525e-4f59-81b3-9a7f1809b8e4.jpg,1
83dd53bc-27a0-4c4c-9094-b4a34825546f.jpg,1
84603031-571c-4064-a1c9-78df7b9a66f6.jpg,1
84b2d1f8-1d56-4a42-a322-8d3a7ff06a66.jpg,1
85e0a5b7-1033-4168-878e-605f2b1d69e8.jpg,1
85f370ce-0361-4be2-bd4d-fc2817ab66f6.jpg,1
85fd0cf5-9213-4b9a-af4b-e88c4dfbf82a.jpg,1
8630387c-644d-4abf-99f7-40b39ac6b75a.jpg,1
86719d8f-d9d0-4262-b714-fc4f64fc253b.jpg,1
86ed2823-a36d-499e-aede-9776fc675982.jpg,1
88ff57a0-d124-45df-bdc2-c3b16a86ec96.jpg,1
8b927e0d-143d-40e2-a647-8a58fe942b3d.jpg,1
8dc131a1-1237-4a9b-b671-0137d481d407.jpg,1
90b809ed-d786-4666-9348-a3652b5e4354.jpg,1
92e92cd4-6cb0-42db-a6d7-c54566f678cf.jpg,1
94f7473c-5e79-493b-b524-a20d6af91db4.jpg,1
989a9e07-b8d2-4fe8-ac70-6fdc61d9bc9f.jpg,1
98e9616b-31de-4e67-a3d1-b3a3bf7647e6.jpg,1
9996a234-2ffa-4a62-818c-df2364dd2825.jpg,1
9b777c57-18d9-48f1-a967-61adc1d324d9.jpg,1
9d4e1af9-5a9b-4f14-b164-52622ef69c0d.jpg,1
9dbebd33-1b76-429a-a249-aef8a2eb060a.jpg,1
9dfd572c-247d-4b00-b4f0-12483e3d1ac0.jpg,1
9f6cea75-dba9-4d7c-a7b2-8cbba94ff0b5.jpg,1
9f8f59e1-34c7-4ec8-b5eb-000904fe5329.jpg,1
a1cda877-ab53-4729-99e4-962e4af038b3.jpg,1
a26c05a6-43dd-49b8-a6ca-b8ff470384cb.jpg,1
a2abafcb-4bff-4a22-9a34-aa0aa806442a.jpg,1
a41953c8-f79a-47ba-89ae-0d662767d015.jpg,1
a523820f-895c-4c2c-b81a-97396fbb4bac.jpg,1
a52ffe15-c1bf-4d40-8a9f-cec5c0fb09b2.jpg,1
a773a269-2c3b-4e0f-b08b-6f38be28f459.jpg,1
a81f3dae-d1ca-4b97-9229-6f9ba238f9c1.jpg,1
a9a4fffd-e6ba-47ea-a04f-3c2c750684ee.jpg,1
ac9be23b-9e10-4625-ad9d-1fb27aa6b314.jpg,1
ad3ce002-6d54-4103-a97d-b489a82b285a.jpg,1
afa7328b-b357-4f9a-b6a8-d56830a936ec.jpg,1
b0b8ed43-36c0-42be-9dee-e1e5c6fe55af.jpg,1
b14f3dc1-981f-4769-a71c-1c854b97253a.jpg,1
b2b4bb1b-0ad2-4d8d-9b25-96be58466917.jpg,1
b311c0c3-e252-429e-ba3d-63e2b3ca5b39.jpg,1
b4f3d683-6ab9-41f1-9d0a-3cf5e96b8036.jpg,1
b70ae387-f412-412c-a06d-89131025fa2c.jpg,1
ba4bc12d-9f4f-4142-99ba-83c78fb76432.jpg,1
bb5c7a60-446a-4fc1-89e0-4fed9693ed1e.jpg,1
bc028f9f-3690-4a8a-bb92-b0b8d2845411.jpg,1
bfa8dbd3-3697-4255-978f-fe70ed8498c8.jpg,1
c03ee9d5-9a66-45a2-a7e2-9ae6366916e5.jpg,1
c08600c2-a3af-4eb7-9f31-af661e7722c3.jpg,1
c1e3748d-708a-4638-88d5-8137fa8d134b.jpg,1
c3d773e1-5805-45a4-ae74-273c8ee09b31.jpg,1
c459f8ea-4d32-4194-a934-af90ad35e897.jpg,1
c611d035-224b-43d6-8fd1-50b9e3fee462.jpg,1
c7928185-99a8-4920-bd53-74593bdcb2f7.jpg,1
c7e1dfc5-33e8-4061-a529-ca1ced3f2722.jpg,1
c802330a-a04e-4743-b543-0a12065edd17.jpg,1
caea2369-8b1d-4cb7-ab14-c48a6105d1dd.jpg,1
cb05ef9c-9d29-4222-ac36-73c21e2c388d.jpg,1
ccb9a231-aaa3-4104-bc86-ed9ad6a642d1.jpg,1
cce6e0ab-2868-46d6-bf52-e05199ea23f8.jpg,1
ce8bb030-07b8-4c40-89c8-dceeee8c6bb7.jpg,1
cecdd640-18c8-4f86-a862-9bdf9f836c20.jpg,1
cf7ffdf2-32ae-42be-98ea-5f560131ea03.jpg,1
cfe87c82-1ecd-4c5b-add4-4e6d197cccf0.jpg,1
d04d8d45-2d20-4dae-a71b-cf1bb6e678e5.jpg,1
d1cd590b-f8d4-431e-90b9-f7a8f3f8c607.jpg,1
d1cf7e4e-f223-40dc-a8a9-c15cbefb36f4.jpg,1
d1d6a780-2181-4b7a-8aaf-36de501f5180.jpg,1
d298ae02-6ae5-40d6-99ce-6c912cc67ac9.jpg,1
d2db8c0f-0f69-47de-868a-3154c99d1d53.jpg,1
d8aad9fc-54c4-4512-a770-e3db3553df96.jpg,1
d9500395-1afa-4b21-9f93-92fa4c205052.jpg,1
db5c715d-55ea-4fc3-b1a8-53dcd7f84a38.jpg,1
dbea345f-919a-4d15-9075-1395427d7e64.jpg,1
e0231136-b8f8-40e1-b9b6-a47278e5512b.jpg,1
e0970f69-d369-47d2-ae9d-09de166bacde.jpg,1
e15ef9b5-f510-44ea-bd7f-762bf4fff919.jpg,1
e2ace210-c9ae-44c5-ba54-6f0e14bdab50.jpg,1
e463967a-0a42-4e41-a6f7-7b43b67b1cf0.jpg,1
e4d2ae73-8495-46e6-a121-8f3139effe64.jpg,1
e5c3c5b5-1f75-4a69-8ace-1d2d934c6303.jpg,1
e693b4e6-0d11-425a-bf99-2eac9219d365.jpg,1
e7d956e9-b40e-4dbf-857e-60a0f2e741dd.jpg,1
e7f4a411-3cc9-4159-929c-ce73fd370e60.jpg,1
e8b44816-6403-4aa8-b37c-9f977f218aed.jpg,1
e92b9603-364f-4d9c-ae3d-4797902316c9.jpg,1
ea1d76c6-b25c-47f9-ada6-62d1ee878b36.jpg,1
ea9d5c35-07cf-4ebe-b4df-14b7bb34259b.jpg,1
ece5e90f-bf65-4f83-ab04-cef1e0d6202a.jpg,1
f127911d-918f-42bd-9c28-37cfeeaed56e.jpg,1
f155aba3-161a-43fe-940c-0045c830cbd3.jpg,1
f2370cd0-763a-4854-a71c-a89e0e79b9c5.jpg,1
f2c7e6a4-1ad2-4641-94de-6d50f4f69768.jpg,1
f4c731b9-c5a7-462e-aad1-37d719e758bd.jpg,1
f59cb333-7160-4975-a550-ff76ac511618.jpg,1
f5ad7e1f-cde5-4774-a2b9-b48ace33986b.jpg,1
f6769e88-c9c5-438b-8bf1-4212c60c2bfe.jpg,1
f788159b-8b5d-49ad-8e34-b9dd19d85972.jpg,1
f79b4b2c-7fd1-4951-bb1c-77754523d6e7.jpg,1
f8cc9ff9-9049-4947-8777-cf4bf7c9b185.jpg,1
f97f8b68-60ae-4047-8a9d-4dfc0e102b44.jpg,1
f9932ccb-aab3-4813-9913-594323d182e4.jpg,1
fac30a0a-ff22-41ee-8514-716e726e49d7.jpg,1
fad87f83-c5b5-4db6-86c1-c31d276b1f8f.jpg,1
fb40cbbf-c109-4302-bcd0-5ad396fe2847.jpg,1
ff469027-d898-40f9-aa3a-1bf83a7c351e.jpg,1
